setup,MAE,RMSE,R2,MedAE
Base,15.311827316887397,20.765251316723703,0.48686872551007,11.598505986377077
Base + CoPollutants,13.556677042568051,20.816230803546038,0.48434611891820556,8.602924953093428
