approach,threshold,prevalence_pct,precision,recall,f1,average_precision,roc_auc
Regression@100,100.0,9.836065573770492,0.4358974358974359,0.40476190476190477,0.41975308641975306,0.46214868445054946,0.9163265306122449
RegressionTuned,102.0,9.836065573770492,0.42857142857142855,0.35714285714285715,0.38961038961038963,0.46214868445054946,0.9163265306122449
HistGradientBoostingClassifierTuned,0.565,9.836065573770492,0.37142857142857144,0.30952380952380953,0.33766233766233766,0.3712614160934172,0.87847866419295
LogisticTuned,0.9149999999999999,9.836065573770492,0.3157894736842105,0.2857142857142857,0.3,0.2947460113102814,0.8599876314162029
RandomForestClassifierTuned,0.575,9.836065573770492,0.4666666666666667,0.16666666666666666,0.24561403508771928,0.4185880300027982,0.8900432900432901
