season_group,mae,rmse,r2,smape
cold,34.69059945357772,75.02978930306661,0.32806438951730943,52.40982102342269
warm,21.95494021906097,64.02069886495667,0.08515717292375946,90.21613497389356
